impl,algo,p,qubits,seed,wall_s,peak_rss_kb,duration_ms,duration_us,nodes,edges,total,correct,verified,status
rust-bigint,grover-big,2,4,1,0.00,4420,0,691,6,9,15,1,1,ok
rust-bigint,grover-big,2,4,2,0.00,4896,0,708,6,9,15,1,1,ok
rust-bigint,grover-big,2,4,3,0.00,4896,0,769,6,9,15,1,1,ok
rust-bigint,grover-big,2,4,4,0.00,5088,0,275,5,6,11,1,1,ok
rust-bigint,grover-big,2,4,5,0.00,5080,0,306,6,9,15,1,1,ok
rust-bigint,grover-big,2,4,6,0.00,4928,0,506,5,6,11,1,1,ok
rust-bigint,grover-big,2,4,7,0.00,4832,0,447,6,9,15,1,1,ok
rust-bigint,grover-big,2,4,8,0.00,4860,0,273,6,9,15,1,1,ok
rust-bigint,grover-big,2,4,9,0.00,4688,0,306,6,9,15,1,1,ok
rust-bigint,grover-big,2,4,10,0.00,4920,0,265,5,6,11,1,1,ok
rust-bigint,grover-big,3,8,1,0.00,4832,0,842,10,18,28,1,1,ok
rust-bigint,grover-big,3,8,2,0.00,4868,0,587,10,18,28,1,1,ok
rust-bigint,grover-big,3,8,3,0.00,4692,0,667,10,18,28,1,1,ok
rust-bigint,grover-big,3,8,4,0.00,4812,0,714,9,15,24,1,1,ok
rust-bigint,grover-big,3,8,5,0.00,4724,0,549,10,18,28,1,1,ok
rust-bigint,grover-big,3,8,6,0.00,4544,0,515,9,15,24,1,1,ok
rust-bigint,grover-big,3,8,7,0.00,4480,0,953,9,15,24,1,1,ok
rust-bigint,grover-big,3,8,8,0.00,4872,0,662,10,18,28,1,1,ok
rust-bigint,grover-big,3,8,9,0.00,4796,0,564,9,15,24,1,1,ok
rust-bigint,grover-big,3,8,10,0.00,4772,0,621,9,15,24,1,1,ok
rust-bigint,grover-big,4,16,1,0.00,5076,1,1177,15,30,45,1,1,ok
rust-bigint,grover-big,4,16,2,0.00,5052,1,1245,16,33,49,1,1,ok
rust-bigint,grover-big,4,16,3,0.00,4804,1,1202,15,30,45,1,1,ok
rust-bigint,grover-big,4,16,4,0.00,4784,0,902,13,24,37,1,1,ok
rust-bigint,grover-big,4,16,5,0.00,4824,1,1933,16,33,49,1,1,ok
rust-bigint,grover-big,4,16,6,0.00,4744,2,2564,16,33,49,1,1,ok
rust-bigint,grover-big,4,16,7,0.00,4564,1,1687,16,33,49,1,1,ok
rust-bigint,grover-big,4,16,8,0.00,4632,1,1649,16,33,49,1,1,ok
rust-bigint,grover-big,4,16,9,0.00,4788,2,2185,14,27,41,1,1,ok
rust-bigint,grover-big,4,16,10,0.00,4916,1,1151,16,33,49,1,1,ok
rust-bigint,grover-big,5,32,1,0.00,5044,1,1973,23,51,74,1,1,ok
rust-bigint,grover-big,5,32,2,0.00,5116,1,1903,24,54,78,1,1,ok
rust-bigint,grover-big,5,32,3,0.00,5008,2,2007,24,54,78,1,1,ok
rust-bigint,grover-big,5,32,4,0.00,4828,1,1961,22,48,70,1,1,ok
rust-bigint,grover-big,5,32,5,0.00,4856,1,1947,25,57,82,1,1,ok
rust-bigint,grover-big,5,32,6,0.00,5080,1,1934,25,57,82,1,1,ok
rust-bigint,grover-big,5,32,7,0.00,4856,2,2031,25,57,82,1,1,ok
rust-bigint,grover-big,5,32,8,0.00,5068,4,4414,25,57,82,1,1,ok
rust-bigint,grover-big,5,32,9,0.00,5032,4,4243,24,54,78,1,1,ok
rust-bigint,grover-big,5,32,10,0.00,4980,4,4085,23,51,74,1,1,ok
rust-bigint,grover-big,6,64,1,0.00,5096,5,5083,34,81,115,1,1,ok
rust-bigint,grover-big,6,64,2,0.01,5048,6,6364,36,87,123,1,1,ok
rust-bigint,grover-big,6,64,3,0.01,4884,6,6753,38,93,131,1,1,ok
rust-bigint,grover-big,6,64,4,0.00,5468,5,5708,34,81,115,1,1,ok
rust-bigint,grover-big,6,64,5,0.00,5480,2,2916,37,90,127,1,1,ok
rust-bigint,grover-big,6,64,6,0.00,5048,4,4600,35,84,119,1,1,ok
rust-bigint,grover-big,6,64,7,0.00,5060,3,3023,37,90,127,1,1,ok
rust-bigint,grover-big,6,64,8,0.00,5112,2,2690,35,84,119,1,1,ok
rust-bigint,grover-big,6,64,9,0.00,5468,2,2897,36,87,123,1,1,ok
rust-bigint,grover-big,6,64,10,0.00,4976,3,3387,37,90,127,1,1,ok
rust-bigint,grover-big,7,128,1,0.01,5608,7,7478,56,144,200,1,1,ok
rust-bigint,grover-big,7,128,2,0.00,5472,4,4881,58,150,208,1,1,ok
rust-bigint,grover-big,7,128,3,0.00,5476,4,4886,56,144,200,1,1,ok
rust-bigint,grover-big,7,128,4,0.01,5652,7,7553,58,150,208,1,1,ok
rust-bigint,grover-big,7,128,5,0.01,5300,10,10600,57,147,204,1,1,ok
rust-bigint,grover-big,7,128,6,0.01,5540,10,10607,58,150,208,1,1,ok
rust-bigint,grover-big,7,128,7,0.00,5672,5,5294,57,147,204,1,1,ok
rust-bigint,grover-big,7,128,8,0.01,5448,11,11567,56,144,200,1,1,ok
rust-bigint,grover-big,7,128,9,0.01,5384,7,7997,57,147,204,1,1,ok
rust-bigint,grover-big,7,128,10,0.01,5216,10,10667,57,147,204,1,1,ok
rust-bigint,grover-big,8,256,1,0.00,6036,7,7340,88,237,325,1,1,ok
rust-bigint,grover-big,8,256,2,0.01,6220,10,10038,92,249,341,1,1,ok
rust-bigint,grover-big,8,256,3,0.01,5976,9,9879,90,243,333,1,1,ok
rust-bigint,grover-big,8,256,4,0.01,5788,10,10170,91,246,337,1,1,ok
rust-bigint,grover-big,8,256,5,0.02,5800,17,17779,91,246,337,1,1,ok
rust-bigint,grover-big,8,256,6,0.01,5752,14,14409,90,243,333,1,1,ok
rust-bigint,grover-big,8,256,7,0.01,6048,14,14947,91,246,337,1,1,ok
rust-bigint,grover-big,8,256,8,0.01,5960,13,13709,87,234,321,1,1,ok
rust-bigint,grover-big,8,256,9,0.01,5824,10,10176,91,246,337,1,1,ok
rust-bigint,grover-big,8,256,10,0.01,6048,8,8235,88,237,325,1,1,ok
rust-bigint,grover-iterate,2,4,1,0.00,4716,0,270,6,9,15,1,1,ok
rust-bigint,grover-iterate,2,4,2,0.00,4916,0,175,6,9,15,1,1,ok
rust-bigint,grover-iterate,2,4,3,0.00,4912,0,265,6,9,15,1,1,ok
rust-bigint,grover-iterate,2,4,4,0.00,4624,0,206,5,6,11,1,1,ok
rust-bigint,grover-iterate,2,4,5,0.00,4684,0,264,6,9,15,1,1,ok
rust-bigint,grover-iterate,2,4,6,0.00,4540,0,112,5,6,11,1,1,ok
rust-bigint,grover-iterate,2,4,7,0.00,4888,0,232,6,9,15,1,1,ok
rust-bigint,grover-iterate,2,4,8,0.00,4820,0,147,6,9,15,1,1,ok
rust-bigint,grover-iterate,2,4,9,0.00,4996,0,283,6,9,15,1,1,ok
rust-bigint,grover-iterate,2,4,10,0.00,4940,0,245,5,6,11,1,1,ok
rust-bigint,grover-iterate,3,8,1,0.00,4944,0,476,10,18,28,1,1,ok
rust-bigint,grover-iterate,3,8,2,0.00,4912,0,244,10,18,28,1,1,ok
rust-bigint,grover-iterate,3,8,3,0.00,4564,0,181,10,18,28,1,1,ok
rust-bigint,grover-iterate,3,8,4,0.00,4820,0,179,9,15,24,1,1,ok
rust-bigint,grover-iterate,3,8,5,0.00,4640,0,188,10,18,28,1,1,ok
rust-bigint,grover-iterate,3,8,6,0.00,4796,0,375,9,15,24,1,1,ok
rust-bigint,grover-iterate,3,8,7,0.00,4708,0,206,9,15,24,1,1,ok
rust-bigint,grover-iterate,3,8,8,0.00,4772,0,185,10,18,28,1,1,ok
rust-bigint,grover-iterate,3,8,9,0.00,4696,0,154,9,15,24,1,1,ok
rust-bigint,grover-iterate,3,8,10,0.00,4672,0,212,9,15,24,1,1,ok
rust-bigint,grover-iterate,4,16,1,0.00,4704,0,314,15,30,45,1,1,ok
rust-bigint,grover-iterate,4,16,2,0.00,4796,0,369,16,33,49,1,1,ok
rust-bigint,grover-iterate,4,16,3,0.00,4696,0,336,15,30,45,1,1,ok
rust-bigint,grover-iterate,4,16,4,0.00,4880,0,357,13,24,37,1,1,ok
rust-bigint,grover-iterate,4,16,5,0.00,4428,0,478,16,33,49,1,1,ok
rust-bigint,grover-iterate,4,16,6,0.00,4268,0,291,16,33,49,1,1,ok
rust-bigint,grover-iterate,4,16,7,0.00,4884,0,346,16,33,49,1,1,ok
rust-bigint,grover-iterate,4,16,8,0.00,4556,0,319,16,33,49,1,1,ok
rust-bigint,grover-iterate,4,16,9,0.00,4784,0,505,14,27,41,1,1,ok
rust-bigint,grover-iterate,4,16,10,0.00,4712,0,813,16,33,49,1,1,ok
rust-bigint,grover-iterate,5,32,1,0.01,4684,10,10248,23,51,74,1,1,ok
rust-bigint,grover-iterate,5,32,2,0.01,4672,9,9064,24,54,78,1,1,ok
rust-bigint,grover-iterate,5,32,3,0.02,4784,19,19641,24,54,78,1,1,ok
rust-bigint,grover-iterate,5,32,4,0.01,4672,13,13108,22,48,70,1,1,ok
rust-bigint,grover-iterate,5,32,5,0.01,4428,12,12989,25,57,82,1,1,ok
rust-bigint,grover-iterate,5,32,6,0.02,4776,18,18573,25,57,82,1,1,ok
rust-bigint,grover-iterate,5,32,7,0.01,4804,9,9761,25,57,82,1,1,ok
rust-bigint,grover-iterate,5,32,8,0.01,4668,8,8956,25,57,82,1,1,ok
rust-bigint,grover-iterate,5,32,9,0.01,4688,10,10020,24,54,78,1,1,ok
rust-bigint,grover-iterate,5,32,10,0.01,4504,9,9941,23,51,74,1,1,ok
rust-bigint,grover-fast,2,4,1,0.00,4692,0,284,6,9,15,1,1,ok
rust-bigint,grover-fast,2,4,2,0.00,4604,0,228,6,9,15,1,1,ok
rust-bigint,grover-fast,2,4,3,0.00,4884,0,524,6,9,15,1,1,ok
rust-bigint,grover-fast,3,8,1,0.00,4732,1,1362,10,18,28,1,1,ok
rust-bigint,grover-fast,3,8,2,0.00,4240,0,491,10,18,28,1,1,ok
rust-bigint,grover-fast,3,8,3,0.00,4836,0,630,10,18,28,1,1,ok
rust-bigint,grover-fast,4,16,1,0.00,5120,1,1137,15,30,45,1,1,ok
rust-bigint,grover-fast,4,16,2,0.00,4856,0,973,16,33,49,1,1,ok
rust-bigint,grover-fast,4,16,3,0.00,4712,1,1198,15,30,45,1,1,ok
rust-bigint,grover-fast,5,32,1,0.00,4980,1,1925,23,51,74,1,1,ok
rust-bigint,grover-fast,5,32,2,0.00,5012,2,2183,24,54,78,1,1,ok
rust-bigint,grover-fast,5,32,3,0.00,4892,3,3923,24,54,78,1,1,ok
rust-bigint,grover-fast,6,64,1,0.00,5048,3,3161,34,81,115,1,1,ok
rust-bigint,grover-fast,6,64,2,0.00,5040,3,3194,36,87,123,1,1,ok
rust-bigint,grover-fast,6,64,3,0.01,4868,6,6274,38,93,131,1,1,ok
rust-bigint,grover-fast,7,128,1,0.00,5476,6,6053,56,144,200,1,0,ok
rust-bigint,grover-fast,7,128,2,0.00,5628,4,4911,58,150,208,1,0,ok
rust-bigint,grover-fast,7,128,3,0.00,5216,5,5370,56,144,200,1,0,ok
rust-bigint,grover-fast,8,256,1,0.01,5796,8,8967,88,237,325,1,0,ok
rust-bigint,grover-fast,8,256,2,0.00,5876,7,7042,92,249,341,1,0,ok
rust-bigint,grover-fast,8,256,3,0.00,5716,7,7160,90,243,333,1,0,ok
cpp,grover,2,4,1,0.35,866800,2,,10,64,74,1,na,ok
cpp,grover,2,4,2,0.35,866972,2,,10,67,77,1,na,ok
cpp,grover,2,4,3,0.36,866760,2,,10,60,70,1,na,ok
cpp,grover,2,4,4,0.36,866496,2,,10,60,70,1,na,ok
cpp,grover,2,4,5,0.35,866672,2,,10,67,77,1,na,ok
cpp,grover,2,4,6,0.33,866908,2,,10,67,77,1,na,ok
cpp,grover,2,4,7,0.33,866584,2,,9,59,68,1,na,ok
cpp,grover,2,4,8,0.35,867144,2,,10,67,77,1,na,ok
cpp,grover,2,4,9,0.34,867392,2,,10,60,70,1,na,ok
cpp,grover,2,4,10,0.36,867204,2,,10,64,74,1,na,ok
cpp,grover,3,8,1,0.35,867044,5,,14,104,118,1,na,ok
cpp,grover,3,8,2,0.36,866752,7,,15,127,142,1,na,ok
cpp,grover,3,8,3,0.36,867152,4,,15,111,126,0,na,ok
cpp,grover,3,8,4,0.37,867488,6,,15,131,146,1,na,ok
cpp,grover,3,8,5,0.35,867348,4,,16,123,139,1,na,ok
cpp,grover,3,8,6,0.36,867332,6,,13,115,128,1,na,ok
cpp,grover,3,8,7,0.36,867540,4,,14,105,119,1,na,ok
cpp,grover,3,8,8,0.37,866768,4,,15,113,128,0,na,ok
cpp,grover,3,8,9,0.37,866924,3,,15,101,116,0,na,ok
cpp,grover,3,8,10,0.35,867296,5,,15,113,128,1,na,ok
cpp,grover,4,16,1,0.38,868372,23,,22,209,231,0,na,ok
cpp,grover,4,16,2,0.42,872284,64,,20,236,256,0,na,ok
cpp,grover,4,16,3,0.39,867472,11,,20,160,180,0,na,ok
cpp,grover,4,16,4,0.40,869464,35,,22,216,238,0,na,ok
cpp,grover,4,16,5,0.41,869392,38,,22,228,250,0,na,ok
cpp,grover,4,16,6,0.39,869144,30,,21,189,210,0,na,ok
cpp,grover,4,16,7,0.39,869296,28,,22,191,213,0,na,ok
cpp,grover,4,16,8,0.40,868756,25,,20,175,195,0,na,ok
cpp,grover,4,16,9,0.37,867532,11,,22,169,191,0,na,ok
cpp,grover,4,16,10,0.40,868180,23,,20,176,196,0,na,ok
cpp,grover,5,32,1,0.57,880716,196,,30,323,353,0,na,ok
cpp,grover,5,32,2,1.66,956404,1235,,30,447,477,0,na,ok
cpp,grover,5,32,3,0.53,877980,158,,30,318,348,0,na,ok
cpp,grover,5,32,4,1.44,944468,1023,,32,471,503,0,na,ok
cpp,grover,5,32,5,0.70,885616,316,,30,380,410,0,na,ok
cpp,grover,5,32,6,1.87,966872,1432,,28,434,462,0,na,ok
cpp,grover,5,32,7,1.21,922160,797,,30,426,456,0,na,ok
cpp,grover,5,32,8,0.47,873644,104,,29,299,328,0,na,ok
cpp,grover,5,32,9,0.59,881304,219,,32,363,395,0,na,ok
cpp,grover,5,32,10,0.94,898412,544,,28,414,442,0,na,ok
cpp,grover,6,64,1,4.00,1010320,3563,,43,659,702,0,na,ok
cpp,grover,6,64,2,21.58,1996108,20715,,41,818,859,0,na,ok
cpp,grover,6,64,3,11.32,1375848,10708,,42,767,809,0,na,ok
cpp,grover,6,64,4,8.77,1323112,8178,,46,763,809,0,na,ok
cpp,grover,6,64,5,11.96,1470924,11319,,41,749,790,0,na,ok
cpp,grover,6,64,6,20.95,1921132,20100,,43,811,854,0,na,ok
cpp,grover,6,64,7,11.71,1449120,11069,,43,793,836,0,na,ok
cpp,grover,6,64,8,11.30,1433332,10684,,41,757,798,0,na,ok
cpp,grover,6,64,9,11.46,1352888,10872,,41,809,850,0,na,ok
cpp,grover,6,64,10,10.41,1316324,9829,,40,764,804,0,na,ok
